metric,value
accuracy,0.5028216704288939
silhouette,0.40703088101470625
